1,success,1783421776.561744,
2,success,1783421784.9676018,
3,success,1783421790.4031842,
4,success,1783421799.1418753,
5,success,1783421804.7605584,
6,success,1783421813.8049095,
7,success,1783421819.6792302,
8,success,1783421836.683339,
9,success,1783422233.0433052,
10,success,1783422241.4956937,
11,success,1783422246.9061203,
12,success,1783422255.52542,
13,success,1783422261.310294,
14,success,1783422270.2375665,
15,success,1783422276.0285988,
16,success,1783422281.999413,
17,success,1783422291.2361674,
18,success,1783422297.3228607,
19,success,1783422307.016639,
20,success,1783422321.726627,
21,success,1783423108.2428534,
22,success,1783423113.513632,
23,success,1783423121.885275,
24,success,1783423127.394848,
25,success,1783423135.9937332,
26,success,1783423141.580495,
27,success,1783423150.3816438,
28,success,1783423156.2117574,
29,success,1783423165.2563753,
30,success,1783423179.1394572,
31,success,1783424361.8319008,
32,success,1783424367.1823158,
33,success,1783424375.571903,
34,success,1783424381.1449406,
35,success,1783424397.7007535,
36,success,1783484769.4785967,
37,success,1783484778.2651036,
38,success,1783484783.8790686,
39,success,1783484792.723291,
40,success,1783484806.5901418,
